<?xml version="1.0"?>
<extension key="com.drastikbydesign.stripe" type="module">
  <downloadUrl>http://drastikbydesign.com/files/downloads/com.drastikbydesign.stripe-4.2-1.5.zip</downloadUrl>
  <file>stripe</file>
  <name>Stripe</name>
  <description>Stripe Payment Processor</description>
  <urls>
    <url desc="Main Extension Page">http://drastikbydesign.com</url>
  </urls>
  <license>AGPL</license>
  <maintainer>
    <author>Joshua Walker (drastik) - Drastik by Design</author>
    <email>admin@drastikbydesign.com</email>
  </maintainer>
  <releaseDate>2013-03-19</releaseDate>
  <version>1.5</version>
  <develStage>stable</develStage>
  <compatibility>
    <ver>4.2</ver>
  </compatibility>
  <comments>http://drastikbydesign.com/blog-entry/civicrm-stripe-payment-processor</comments>
  <civix>
    <namespace>CRM/Stripe</namespace>
  </civix>
</extension>
